batch_id,timestamp,machine_id,temperature,pressure,ph_level,batch_yield
BATCH-01158,2025-01-22 09:00:21,BIO-FILL-01,37.435,2.0,7.189,89.923
BATCH-01395,2025-01-31 05:58:53,BIO-FILL-02,36.697,2.077,7.096,90.203
BATCH-01006,2025-01-12 23:52:45,BIO-FILL-03,37.486,2.03,6.962,91.97
BATCH-01417,2025-01-19 07:12:02,BIO-FILL-03,36.467,,7.153,88.546
BATCH-01079,2025-01-07 01:31:05,INSP-UNIT-1,36.958,2.121,7.089,92.169
BATCH-01220,2025-02-01 20:44:06,FORM-LINE-A,36.963,2.094,7.044,91.884
BATCH-01488,2025-01-19 17:47:15,BIO-FILL-01,29.597,0.675,6.071,65.611
BATCH-01493,2025-01-20 22:34:54,INSP-UNIT-2,37.48,2.021,6.876,93.116
BATCH-01329,2025-01-25 11:55:32,FORM-LINE-B,37.26,2.03,7.158,
BATCH-01104,2025-01-11 10:04:36,BIO-FILL-01,37.887,1.999,6.935,93.735
BATCH-01010,2025-01-31 19:56:25,BIO-FILL-03,36.622,2.21,7.082,91.884
BATCH-01101,2025-01-20 12:46:04,FORM-LINE-A,37.227,2.073,7.056,93.465
BATCH-01076,2025-01-11 18:34:30,INSP-UNIT-2,37.922,2.019,7.156,91.132
BATCH-01192,2025-01-30 03:30:13,PACK-LINE-X,37.325,2.282,7.073,94.393
BATCH-01177,2025-01-21 06:49:27,BIO-FILL-01,37.679,2.124,7.074,92.205
BATCH-01356,2025-01-22 06:49:38,FORM-LINE-B,36.461,1.958,7.073,91.856
BATCH-01002,2025-01-15 03:55:43,BIO-FILL-02,37.859,2.254,6.856,93.405
BATCH-01173,2025-01-14 09:31:35,INSP-UNIT-1,36.964,,6.967,94.11
BATCH-01403,2025-01-29 20:48:07,BIO-FILL-03,37.289,2.168,7.079,94.109
BATCH-01132,2025-01-17 17:02:07,BIO-FILL-02,37.159,2.2,7.126,92.47
BATCH-01124,2025-02-02 02:33:55,INSP-UNIT-2,37.348,2.123,7.052,95.948
BATCH-01274,2025-01-19 04:38:49,FORM-LINE-A,37.014,2.059,7.034,89.455
BATCH-01249,2025-01-21 11:41:46,BIO-FILL-03,36.872,2.206,7.146,90.877
BATCH-01428,2025-02-03 02:31:11,FORM-LINE-B,37.857,2.108,7.241,93.115
BATCH-01182,2025-01-25 10:18:07,INSP-UNIT-2,37.207,2.097,7.167,91.725
BATCH-01082,2025-01-15 21:04:59,INSP-UNIT-1,37.885,1.854,7.019,91.143
BATCH-01423,2025-01-29 22:50:41,BIO-FILL-03,38.551,2.067,7.099,95.136
BATCH-01089,2025-01-22 02:05:59,INSP-UNIT-2,37.071,2.149,7.164,91.278
BATCH-01299,2025-01-30 03:49:02,FORM-LINE-B,37.922,2.19,7.073,91.163
BATCH-01238,2025-01-13 05:01:33,PACK-LINE-X,37.526,2.217,7.118,90.555
BATCH-01072,2025-01-23 18:07:06,INSP-UNIT-1,37.691,1.924,6.982,89.441
BATCH-01055,2025-02-01 16:21:16,BIO-FILL-01,36.65,2.062,7.189,92.149
BATCH-01084,2025-01-11 09:43:30,BIO-FILL-02,,2.038,7.14,94.97
BATCH-01407,2025-02-03 12:58:32,INSP-UNIT-1,36.831,2.072,7.072,93.686
BATCH-01030,2025-01-14 10:45:03,BIO-FILL-01,37.738,2.104,7.086,92.314
BATCH-01357,2025-01-30 14:24:40,INSP-UNIT-1,37.495,1.94,7.146,95.536
BATCH-01424,2025-01-26 05:22:58,BIO-FILL-02,36.803,1.966,7.091,93.495
BATCH-01382,2025-01-17 23:07:48,PACK-LINE-X,38.018,2.076,7.127,92.865
BATCH-01009,2025-02-02 18:41:10,BIO-FILL-01,36.599,2.02,7.193,93.517
BATCH-01304,2025-01-26 03:42:53,INSP-UNIT-2,37.777,2.013,7.197,93.141
BATCH-01068,2025-01-09 03:14:06,BIO-FILL-01,37.252,2.105,7.055,93.434
BATCH-01338,2025-02-02 08:58:58,BIO-FILL-03,37.192,2.055,7.1,93.402
BATCH-01277,2025-01-07 10:25:50,FORM-LINE-A,37.082,2.152,7.049,93.666
BATCH-01341,2025-01-07 08:56:21,BIO-FILL-03,,1.993,6.945,
BATCH-01210,2025-02-01 06:01:55,FORM-LINE-A,36.87,2.072,7.187,93.646
BATCH-01184,2025-01-21 09:32:28,INSP-UNIT-2,36.479,2.194,7.134,90.833
BATCH-01073,2025-02-03 09:35:52,INSP-UNIT-2,37.047,2.233,7.198,92.996
BATCH-01227,2025-01-27 11:37:11,BIO-FILL-02,37.672,,7.149,
BATCH-01131,2025-01-15 08:59:02,INSP-UNIT-2,37.422,1.907,7.035,94.065
BATCH-01078,2025-01-23 16:48:17,FORM-LINE-B,37.205,1.996,7.045,90.703
BATCH-01070,2025-01-11 20:32:30,BIO-FILL-02,37.351,2.305,7.111,94.827
BATCH-01266,2025-01-20 18:03:54,BIO-FILL-03,36.487,2.12,7.136,94.553
BATCH-01322,2025-01-19 23:12:31,PACK-LINE-X,37.331,2.324,7.146,94.127
BATCH-01470,2025-01-11 04:14:04,BIO-FILL-03,36.945,2.259,7.079,92.433
BATCH-01497,2025-01-16 19:56:23,BIO-FILL-03,37.532,2.191,7.086,92.404
BATCH-01479,2025-02-01 14:53:06,INSP-UNIT-1,37.864,2.04,7.077,90.041
BATCH-01514,2025-01-09 14:29:45,PACK-LINE-X,37.523,1.901,7.039,93.516
BATCH-01286,2025-01-15 22:09:02,INSP-UNIT-1,37.556,2.035,7.108,91.799
BATCH-01468,2025-01-27 10:08:44,INSP-UNIT-1,37.475,2.153,7.223,91.544
BATCH-01354,2025-01-07 10:42:12,INSP-UNIT-1,,1.931,,91.452
BATCH-01453,2025-01-06 00:46:15,INSP-UNIT-1,36.605,2.074,7.076,92.407
BATCH-01376,2025-01-31 22:02:12,FORM-LINE-B,36.834,2.3,7.411,93.41
BATCH-01167,2025-01-23 13:31:49,BIO-FILL-02,37.266,2.112,7.161,90.966
BATCH-01050,2025-01-10 15:21:13,PACK-LINE-X,37.569,1.989,7.014,93.686
BATCH-01380,2025-01-09 14:57:23,INSP-UNIT-2,37.219,2.06,7.13,93.229
BATCH-01140,2025-01-27 04:12:33,BIO-FILL-03,38.182,2.033,6.875,91.182
BATCH-01153,2025-01-15 09:41:01,INSP-UNIT-2,37.287,2.217,7.046,93.816
BATCH-01485,2025-01-31 11:29:00,INSP-UNIT-1,37.964,2.178,6.938,90.686
BATCH-01265,2025-01-24 01:44:16,BIO-FILL-02,37.237,3.836,8.063,115.804
BATCH-01063,2025-01-16 17:54:39,BIO-FILL-02,36.885,,7.001,91.763
BATCH-01441,2025-01-11 20:40:53,BIO-FILL-03,44.371,1.969,8.372,120.644
BATCH-01090,2025-02-03 18:47:10,FORM-LINE-A,37.161,2.114,7.176,92.516
BATCH-01075,2025-01-27 09:43:16,BIO-FILL-02,37.406,1.963,7.149,89.406
BATCH-01180,2025-01-28 06:33:21,INSP-UNIT-1,36.606,2.15,6.888,92.939
BATCH-01033,2025-01-27 15:39:45,INSP-UNIT-2,36.8,1.997,6.982,93.175
BATCH-01077,2025-01-21 02:43:14,BIO-FILL-01,37.445,2.102,6.963,93.256
BATCH-01333,2025-01-11 02:45:04,FORM-LINE-A,37.313,2.1,7.099,92.008
BATCH-01000,2025-01-31 19:11:24,INSP-UNIT-2,37.447,2.237,7.008,92.314
BATCH-01011,2025-01-11 15:59:30,PACK-LINE-X,37.441,1.932,7.133,92.378
BATCH-01498,2025-01-10 07:17:32,FORM-LINE-A,37.471,,7.13,91.442
BATCH-01022,2025-01-25 05:38:29,BIO-FILL-02,36.837,,7.11,91.745
BATCH-01117,2025-01-26 07:44:16,PACK-LINE-X,37.959,2.109,7.021,94.931
BATCH-01287,2025-01-10 21:19:41,PACK-LINE-X,36.944,2.104,7.135,94.245
BATCH-01312,2025-01-28 19:53:44,FORM-LINE-A,36.608,1.951,7.153,89.442
BATCH-01516,2025-01-27 09:15:56,BIO-FILL-03,36.262,2.161,7.171,92.242
BATCH-01255,2025-01-09 03:00:40,BIO-FILL-02,36.915,,7.025,88.864
BATCH-01297,2025-01-25 23:15:22,BIO-FILL-03,36.955,1.949,6.92,90.124
BATCH-01018,2025-02-01 04:36:30,BIO-FILL-03,37.376,1.954,7.034,
BATCH-01185,2025-01-17 07:41:20,INSP-UNIT-2,37.384,2.142,7.261,93.18
BATCH-01137,2025-01-16 12:59:35,INSP-UNIT-2,37.596,2.121,7.085,91.511
BATCH-01015,2025-01-07 06:25:56,INSP-UNIT-1,37.029,2.151,7.11,93.953
BATCH-01228,2025-01-18 18:05:28,BIO-FILL-01,37.444,2.117,,92.25
BATCH-01039,2025-02-03 15:40:48,FORM-LINE-B,37.052,2.035,7.277,93.107
BATCH-01481,2025-01-21 01:25:33,PACK-LINE-X,36.772,2.126,7.173,91.306
BATCH-01046,2025-01-29 19:02:03,BIO-FILL-03,37.023,1.973,7.111,91.855
BATCH-01093,2025-02-01 21:46:37,FORM-LINE-B,37.535,2.086,7.167,92.216
BATCH-01316,2025-01-16 02:05:22,FORM-LINE-B,37.709,2.296,6.977,93.245
BATCH-01355,2025-01-25 16:37:01,BIO-FILL-02,37.772,2.184,7.038,95.781
BATCH-01457,2025-01-27 08:41:40,PACK-LINE-X,36.506,2.029,7.201,92.675
BATCH-01375,2025-01-06 21:41:17,INSP-UNIT-2,37.468,2.165,6.95,94.078
BATCH-01444,2025-01-31 13:08:02,FORM-LINE-B,37.725,2.098,7.17,92.407
BATCH-01507,2025-01-09 10:44:43,BIO-FILL-01,37.247,1.925,7.298,93.481
BATCH-01244,2025-01-12 08:13:13,BIO-FILL-03,37.95,2.025,7.217,91.641
BATCH-01184,2025-01-21 09:30:28,INSP-UNIT-2,36.479,2.194,7.134,90.833
BATCH-01320,2025-01-20 06:06:59,INSP-UNIT-2,36.536,2.116,7.099,90.423
BATCH-01261,2025-01-12 05:37:25,BIO-FILL-02,37.226,2.055,7.301,95.155
BATCH-01159,2025-01-13 01:32:36,PACK-LINE-X,38.068,2.061,7.133,
BATCH-01155,2025-02-02 01:38:03,BIO-FILL-02,36.925,2.164,7.14,93.535
BATCH-01369,2025-01-31 08:28:02,PACK-LINE-X,36.92,2.109,7.068,90.391
BATCH-01069,2025-01-18 14:02:21,INSP-UNIT-1,,2.033,7.134,93.242
BATCH-01367,2025-01-19 09:32:02,BIO-FILL-03,36.933,2.188,7.085,92.026
BATCH-01310,2025-01-20 11:42:55,BIO-FILL-03,36.58,2.01,7.096,90.732
BATCH-01176,2025-01-22 23:01:31,FORM-LINE-A,37.105,2.065,7.068,95.615
BATCH-01336,2025-01-14 17:53:32,BIO-FILL-02,37.843,2.193,7.197,94.354
BATCH-01437,2025-01-12 02:40:36,PACK-LINE-X,37.44,2.135,6.944,92.643
BATCH-01362,2025-01-26 21:51:24,BIO-FILL-03,37.567,2.02,,91.363
BATCH-01195,2025-01-20 11:47:58,FORM-LINE-B,36.905,2.116,7.028,94.838
BATCH-01342,2025-01-13 02:52:55,PACK-LINE-X,36.888,2.213,6.981,94.964
BATCH-01431,2025-01-28 14:35:41,INSP-UNIT-1,37.642,2.281,7.078,91.229
BATCH-01154,2025-01-23 09:18:57,PACK-LINE-X,37.048,2.065,6.915,91.65
BATCH-01414,2025-01-17 10:23:17,INSP-UNIT-1,37.317,2.001,6.922,93.359
BATCH-01505,2025-01-24 20:07:30,BIO-FILL-03,37.606,2.082,6.964,89.846
BATCH-01148,2025-01-19 14:53:28,BIO-FILL-01,37.564,1.965,7.25,92.82
BATCH-01365,2025-01-24 22:37:55,BIO-FILL-02,36.452,2.149,7.166,93.162
BATCH-01086,2025-01-15 23:35:22,BIO-FILL-03,36.667,2.156,7.035,
BATCH-01149,2025-01-12 22:48:50,INSP-UNIT-1,37.474,2.105,7.221,90.338
BATCH-01368,2025-01-10 13:49:55,INSP-UNIT-1,37.71,2.111,7.198,91.516
BATCH-01335,2025-01-31 07:52:50,FORM-LINE-B,37.413,2.09,7.127,91.626
BATCH-01461,2025-01-24 23:14:06,PACK-LINE-X,36.665,2.209,7.229,92.808
BATCH-01281,2025-01-31 17:40:50,FORM-LINE-A,37.209,2.241,7.095,92.046
BATCH-01332,2025-01-09 21:35:07,BIO-FILL-02,,2.031,7.059,91.714
BATCH-01411,2025-01-16 01:55:46,BIO-FILL-03,36.895,2.245,7.111,92.014
BATCH-01019,2025-02-01 12:10:27,BIO-FILL-02,37.703,2.2,7.056,92.374
BATCH-01353,2025-01-21 00:30:19,INSP-UNIT-2,,2.224,7.01,91.442
BATCH-01056,2025-01-20 14:51:48,BIO-FILL-02,37.436,1.954,7.129,92.219
BATCH-01204,2025-01-22 14:39:37,BIO-FILL-03,37.657,2.21,7.13,91.699
BATCH-01501,2025-01-08 13:01:47,BIO-FILL-02,37.0,2.13,7.175,91.905
BATCH-01352,2025-01-14 20:17:45,INSP-UNIT-2,36.889,2.054,7.186,93.855
BATCH-01450,2025-01-20 15:08:54,BIO-FILL-03,36.801,2.221,7.05,91.595
BATCH-01291,2025-01-24 00:19:56,FORM-LINE-A,36.877,2.007,7.135,92.47
BATCH-01025,2025-01-10 07:46:56,FORM-LINE-A,37.358,2.178,6.976,90.519
BATCH-01442,2025-01-28 02:38:52,BIO-FILL-01,37.618,2.217,7.123,
BATCH-01042,2025-01-19 12:55:48,PACK-LINE-X,37.145,1.975,7.263,90.355
BATCH-01324,2025-01-19 12:42:12,INSP-UNIT-2,44.966,0.51,5.766,72.755
BATCH-01225,2025-01-23 19:15:12,INSP-UNIT-2,37.423,2.208,7.088,91.847
BATCH-01234,2025-01-17 14:39:31,INSP-UNIT-2,37.274,2.127,7.253,93.262
BATCH-01512,2025-01-24 00:12:09,BIO-FILL-02,37.219,1.998,7.193,92.137
BATCH-01126,2025-01-10 23:09:48,BIO-FILL-01,37.341,2.295,7.169,94.429
BATCH-01347,2025-01-09 09:16:15,INSP-UNIT-1,37.33,2.11,7.255,90.641
BATCH-01031,2025-01-07 08:01:34,FORM-LINE-B,37.558,2.055,7.178,94.068
BATCH-01113,2025-01-22 00:39:35,FORM-LINE-B,36.78,2.048,7.149,90.667
BATCH-01473,2025-01-13 11:27:25,FORM-LINE-A,37.251,2.22,7.078,90.17
BATCH-01231,2025-01-25 08:57:59,BIO-FILL-03,30.837,3.88,5.987,64.695
BATCH-01381,2025-01-14 00:28:44,BIO-FILL-02,37.77,2.105,7.392,92.96
BATCH-01057,2025-01-28 07:04:35,FORM-LINE-B,37.182,2.286,7.248,91.181
BATCH-01218,2025-01-20 11:29:16,BIO-FILL-01,37.462,2.105,6.92,91.53
BATCH-01024,2025-01-27 11:48:46,INSP-UNIT-2,37.589,1.977,7.123,94.461
BATCH-01017,2025-01-07 11:32:28,FORM-LINE-A,37.252,2.077,6.958,91.869
BATCH-01436,2025-01-11 10:12:38,FORM-LINE-A,37.474,2.167,7.17,91.538
BATCH-01066,2025-01-20 18:05:32,PACK-LINE-X,37.833,2.055,7.134,92.479
BATCH-01511,2025-01-17 10:20:26,FORM-LINE-A,37.263,2.11,7.05,93.017
BATCH-01237,2025-02-02 15:55:37,BIO-FILL-03,37.18,2.128,7.075,94.911
BATCH-01410,2025-01-17 04:20:20,INSP-UNIT-1,37.302,2.109,6.878,92.155
BATCH-01094,2025-01-18 15:28:21,PACK-LINE-X,44.984,0.422,7.174,117.883
BATCH-01172,2025-01-21 13:17:42,INSP-UNIT-1,37.205,2.026,7.08,91.229
BATCH-01296,2025-01-23 08:55:48,PACK-LINE-X,37.698,2.102,7.29,92.409
BATCH-01023,2025-01-31 13:48:19,BIO-FILL-03,,2.008,6.117,94.825
BATCH-01284,2025-02-02 21:16:21,INSP-UNIT-1,37.2,2.078,7.109,91.63
BATCH-01503,2025-01-23 22:21:57,BIO-FILL-02,37.401,2.091,7.142,91.204
BATCH-01229,2025-01-25 15:01:15,PACK-LINE-X,37.242,2.231,7.005,89.257
BATCH-01005,2025-01-06 18:55:48,BIO-FILL-02,37.575,1.99,7.213,93.06
BATCH-01116,2025-01-28 10:17:58,BIO-FILL-02,43.536,0.397,5.732,63.146
BATCH-01045,2025-01-18 04:22:56,BIO-FILL-01,37.436,2.214,7.15,94.091
BATCH-01203,2025-01-14 22:12:28,INSP-UNIT-1,37.381,2.1,7.141,91.342
BATCH-01489,2025-01-15 04:05:30,INSP-UNIT-1,37.608,1.926,7.158,92.401
BATCH-01016,2025-01-06 21:02:46,BIO-FILL-02,36.957,2.067,7.061,90.305
BATCH-01495,2025-01-10 06:35:49,FORM-LINE-A,37.036,1.946,7.209,91.419
BATCH-01380,2025-01-09 14:54:23,INSP-UNIT-2,37.219,2.06,7.13,93.229
BATCH-01003,2025-01-13 13:53:31,PACK-LINE-X,37.145,2.084,6.952,94.73
BATCH-01247,2025-01-16 09:06:56,BIO-FILL-03,37.44,2.018,7.155,91.759
BATCH-01208,2025-02-02 22:10:59,INSP-UNIT-1,37.483,2.108,7.154,91.119
BATCH-01060,2025-02-02 15:08:32,FORM-LINE-A,36.182,2.214,6.91,93.399
BATCH-01110,2025-01-19 17:31:33,BIO-FILL-02,36.833,2.225,6.893,91.986
BATCH-01462,2025-01-11 08:58:30,PACK-LINE-X,37.141,2.143,6.837,92.564
BATCH-01278,2025-02-01 15:52:34,INSP-UNIT-2,36.443,2.113,7.203,90.525
BATCH-01029,2025-01-28 02:53:41,BIO-FILL-03,37.275,1.906,7.015,94.547
BATCH-01209,2025-02-02 15:24:38,BIO-FILL-01,37.204,2.01,,94.354
BATCH-01386,2025-01-07 18:58:12,INSP-UNIT-1,36.888,2.03,7.193,95.22
BATCH-01026,2025-01-24 06:39:19,PACK-LINE-X,37.606,2.279,7.157,92.253
BATCH-01007,2025-01-20 03:00:05,FORM-LINE-A,30.651,0.491,8.313,119.473
BATCH-01181,2025-01-06 03:21:55,INSP-UNIT-1,37.277,2.112,7.061,91.859
BATCH-01483,2025-01-22 01:49:37,INSP-UNIT-2,36.846,2.073,7.159,90.843
BATCH-01108,2025-01-24 05:23:43,INSP-UNIT-2,37.312,2.022,7.167,92.328
BATCH-01037,2025-01-08 04:36:47,INSP-UNIT-1,38.143,2.163,6.897,92.78
BATCH-01157,2025-01-20 00:12:35,BIO-FILL-02,43.383,0.87,7.264,94.752
BATCH-01499,2025-02-02 23:20:26,PACK-LINE-X,31.531,0.503,5.619,64.635
BATCH-01118,2025-01-31 23:51:49,BIO-FILL-01,37.258,2.135,7.046,91.333
BATCH-01114,2025-01-06 09:41:51,BIO-FILL-02,37.547,2.225,7.142,92.086
BATCH-01275,2025-01-30 15:56:58,BIO-FILL-02,36.617,2.224,7.09,94.338
BATCH-01175,2025-01-20 20:46:22,INSP-UNIT-2,36.377,2.125,7.074,94.351
BATCH-01211,2025-01-17 18:03:36,BIO-FILL-01,37.151,2.06,7.143,93.003
BATCH-01370,2025-01-10 04:48:36,BIO-FILL-03,36.862,2.035,7.221,92.595
BATCH-01144,2025-01-21 00:37:46,PACK-LINE-X,37.316,2.273,7.062,93.32
BATCH-01194,2025-01-08 23:48:37,FORM-LINE-B,37.413,1.989,7.305,92.917
BATCH-01393,2025-01-15 02:48:58,INSP-UNIT-1,37.648,2.182,7.254,90.816
BATCH-01405,2025-01-26 07:09:27,INSP-UNIT-1,37.623,,7.118,91.781
BATCH-01222,2025-01-24 20:08:07,INSP-UNIT-2,36.611,2.191,7.15,95.933
BATCH-01480,2025-01-30 02:47:11,BIO-FILL-02,37.086,2.164,7.081,92.986
BATCH-01456,2025-01-27 16:20:33,INSP-UNIT-2,37.018,2.097,7.015,93.36
BATCH-01509,2025-01-06 11:09:09,FORM-LINE-B,37.224,2.063,7.049,91.609
BATCH-01141,2025-01-11 16:23:56,BIO-FILL-03,37.476,2.208,7.015,92.657
BATCH-01446,2025-01-16 00:20:56,BIO-FILL-01,37.92,2.135,7.064,94.417
BATCH-01067,2025-01-24 22:12:36,BIO-FILL-03,37.731,2.062,7.031,92.665
BATCH-01280,2025-01-16 02:31:33,BIO-FILL-01,36.847,2.115,,89.085
BATCH-01168,2025-01-27 10:15:17,FORM-LINE-B,37.705,0.48,8.223,92.334
BATCH-01188,2025-01-18 10:58:19,BIO-FILL-01,36.409,2.207,7.321,94.168
BATCH-01245,2025-01-21 11:48:06,FORM-LINE-A,37.997,2.108,7.078,92.025
BATCH-01400,2025-01-20 20:08:36,INSP-UNIT-1,37.149,2.075,7.17,
BATCH-01467,2025-01-17 22:48:19,INSP-UNIT-1,37.445,2.032,7.032,91.959
BATCH-01193,2025-01-06 16:26:22,PACK-LINE-X,37.304,2.138,6.978,91.777
BATCH-01081,2025-01-15 10:25:31,BIO-FILL-02,37.935,2.075,7.158,92.967
BATCH-01109,2025-01-26 17:19:40,FORM-LINE-B,37.315,2.13,7.217,94.06
BATCH-01268,2025-02-01 17:01:37,PACK-LINE-X,38.31,2.118,7.091,92.017
BATCH-01145,2025-01-11 07:18:18,BIO-FILL-03,36.763,2.026,7.007,93.392
BATCH-01092,2025-01-10 09:14:52,BIO-FILL-02,38.246,2.04,7.079,92.739
BATCH-01152,2025-01-14 14:13:26,FORM-LINE-A,37.063,2.213,7.043,93.597
BATCH-01248,2025-01-26 15:58:36,BIO-FILL-03,36.951,1.913,7.092,92.317
BATCH-01451,2025-02-02 20:22:06,BIO-FILL-01,36.985,2.158,7.116,91.834
BATCH-01397,2025-01-22 10:25:20,PACK-LINE-X,36.825,2.017,7.217,93.026
BATCH-01416,2025-01-24 05:51:57,INSP-UNIT-2,37.015,2.202,7.309,90.121
BATCH-01083,2025-02-01 20:10:49,FORM-LINE-B,36.6,2.121,7.065,89.334
BATCH-01103,2025-02-03 16:03:34,FORM-LINE-A,37.044,2.106,7.209,89.961
BATCH-01165,2025-01-14 10:38:17,BIO-FILL-02,37.952,2.054,7.273,94.113
BATCH-01163,2025-01-14 08:16:41,INSP-UNIT-2,37.365,2.02,7.281,93.037
BATCH-01199,2025-02-01 21:05:12,FORM-LINE-A,36.809,2.148,7.174,92.119
BATCH-01302,2025-01-24 04:07:37,FORM-LINE-B,,2.068,7.233,93.643
BATCH-01074,2025-02-03 12:01:32,FORM-LINE-B,37.244,2.18,7.072,90.003
BATCH-01494,2025-01-30 06:27:16,INSP-UNIT-1,37.172,2.134,7.296,92.46
BATCH-01348,2025-02-01 08:52:28,PACK-LINE-X,36.639,2.117,7.124,92.165
BATCH-01502,2025-01-07 01:51:18,FORM-LINE-B,37.139,1.943,7.059,89.917
BATCH-01119,2025-01-21 19:40:53,BIO-FILL-03,37.332,2.002,7.141,89.946
BATCH-01298,2025-01-08 05:10:20,PACK-LINE-X,36.591,2.19,7.052,92.72
BATCH-01323,2025-01-27 20:24:55,BIO-FILL-01,37.454,2.245,7.114,94.314
BATCH-01432,2025-01-20 09:36:39,BIO-FILL-03,36.978,2.194,7.186,95.616
BATCH-01377,2025-01-31 06:22:06,PACK-LINE-X,37.174,2.182,7.093,94.131
BATCH-01426,2025-01-29 00:20:15,BIO-FILL-03,37.508,2.011,7.246,91.821
BATCH-01388,2025-01-24 03:35:46,INSP-UNIT-1,37.854,2.142,,93.107
BATCH-01271,2025-01-22 18:43:16,INSP-UNIT-2,37.997,2.122,7.019,93.395
BATCH-01448,2025-01-22 23:34:52,BIO-FILL-02,36.722,2.035,7.122,91.871
BATCH-01500,2025-01-26 03:05:22,FORM-LINE-A,36.857,1.985,7.002,92.092
BATCH-01408,2025-01-21 17:15:26,FORM-LINE-B,37.392,2.067,7.039,90.872
BATCH-01399,2025-01-15 05:21:23,BIO-FILL-02,37.788,2.206,7.151,92.389
BATCH-01250,2025-01-30 14:59:59,FORM-LINE-A,37.604,2.188,7.136,92.573
BATCH-01290,2025-01-28 06:41:54,FORM-LINE-B,37.492,2.22,7.019,
BATCH-01036,2025-01-11 08:07:23,INSP-UNIT-2,37.024,2.178,7.095,
BATCH-01196,2025-01-29 00:34:11,FORM-LINE-B,36.809,2.106,7.133,93.092
BATCH-01139,2025-01-23 12:42:22,INSP-UNIT-1,38.292,2.147,6.93,92.766
BATCH-01253,2025-01-30 08:38:03,INSP-UNIT-1,37.574,2.177,7.223,92.35
BATCH-01301,2025-01-19 20:58:54,BIO-FILL-02,37.993,1.993,7.181,92.958
BATCH-01059,2025-01-22 20:08:28,FORM-LINE-A,37.6,2.213,7.046,90.37
BATCH-01111,2025-01-21 07:31:02,FORM-LINE-B,37.095,1.959,7.022,90.834
BATCH-01340,2025-01-29 16:02:20,BIO-FILL-01,37.386,2.13,7.162,90.792
BATCH-01272,2025-01-17 21:25:57,FORM-LINE-B,36.831,2.214,7.232,92.323
BATCH-01262,2025-02-02 06:23:07,INSP-UNIT-1,36.819,2.24,7.106,91.529
BATCH-01384,2025-02-03 18:51:51,FORM-LINE-B,37.587,2.211,7.293,92.605
BATCH-01150,2025-01-25 04:11:11,INSP-UNIT-1,37.563,2.198,7.03,
BATCH-01406,2025-01-19 03:56:51,BIO-FILL-01,36.511,2.02,6.857,93.968
BATCH-01038,2025-01-25 01:25:11,BIO-FILL-01,36.92,2.089,7.15,93.799
BATCH-01334,2025-01-14 12:09:43,BIO-FILL-02,37.315,0.779,8.162,119.889
BATCH-01198,2025-01-22 07:53:42,INSP-UNIT-1,37.449,1.872,7.125,95.876
BATCH-01472,2025-01-14 21:10:42,PACK-LINE-X,36.787,2.102,7.189,91.524
BATCH-01146,2025-01-06 13:34:34,FORM-LINE-B,37.683,2.091,7.123,92.271
BATCH-01418,2025-01-16 15:23:44,INSP-UNIT-1,37.251,1.999,7.109,91.112
BATCH-01147,2025-01-31 17:36:01,BIO-FILL-02,37.156,2.1,7.182,90.266
BATCH-01434,2025-01-08 03:15:14,INSP-UNIT-2,36.792,1.958,7.211,91.274
BATCH-01433,2025-01-30 20:17:54,BIO-FILL-02,37.842,,7.16,93.89
BATCH-01123,2025-01-18 06:20:22,BIO-FILL-01,37.197,2.156,6.925,92.314
BATCH-01392,2025-01-26 11:15:55,FORM-LINE-A,,2.111,7.012,94.562
BATCH-01096,2025-01-11 01:52:54,BIO-FILL-01,37.257,1.871,7.243,94.322
BATCH-01143,2025-01-07 10:59:51,BIO-FILL-01,37.628,2.104,7.287,93.731
BATCH-01239,2025-01-30 13:02:19,BIO-FILL-03,37.417,3.349,8.44,67.916
BATCH-01289,2025-01-14 17:45:11,INSP-UNIT-2,37.864,2.065,7.189,92.845
BATCH-01097,2025-01-09 23:17:34,BIO-FILL-02,36.883,2.271,7.097,
BATCH-01421,2025-01-23 00:51:07,PACK-LINE-X,37.649,2.192,7.207,92.163
BATCH-01373,2025-01-24 13:16:10,PACK-LINE-X,36.872,,7.018,93.558
BATCH-01122,2025-01-30 12:25:24,FORM-LINE-A,36.995,1.959,7.008,90.472
BATCH-01183,2025-01-20 18:37:27,INSP-UNIT-2,37.333,2.074,7.118,
BATCH-01202,2025-01-17 17:13:04,BIO-FILL-02,37.76,2.262,6.946,92.902
BATCH-01246,2025-01-11 15:04:35,FORM-LINE-A,38.297,2.066,7.069,92.598
BATCH-01325,2025-01-18 14:54:05,PACK-LINE-X,,2.103,7.161,91.805
BATCH-01469,2025-01-20 05:53:16,BIO-FILL-01,37.441,0.0,7.097,91.516
BATCH-01374,2025-01-15 07:33:27,INSP-UNIT-1,36.937,2.109,7.019,91.254
BATCH-01318,2025-01-12 19:59:41,FORM-LINE-A,45.347,2.095,8.295,116.412
BATCH-01422,2025-02-02 11:26:07,INSP-UNIT-1,37.927,2.061,7.033,94.066
BATCH-01412,2025-01-21 08:37:22,PACK-LINE-X,37.585,1.868,6.993,91.349
BATCH-01125,2025-01-24 14:21:12,BIO-FILL-01,,2.33,7.199,91.608
BATCH-01321,2025-01-24 16:09:34,PACK-LINE-X,37.651,2.159,6.806,93.484
BATCH-01223,2025-01-11 01:01:24,INSP-UNIT-2,36.68,2.078,6.983,89.797
BATCH-01484,2025-01-16 22:08:01,BIO-FILL-01,37.635,2.016,6.912,92.844
BATCH-01219,2025-01-12 09:27:47,INSP-UNIT-1,37.368,2.021,7.154,90.576
BATCH-01129,2025-01-26 03:38:54,INSP-UNIT-2,37.436,2.079,7.213,92.379
BATCH-01447,2025-01-09 00:48:11,PACK-LINE-X,43.859,2.082,8.411,121.535
BATCH-01305,2025-01-19 20:32:42,INSP-UNIT-1,36.753,2.192,,91.494
BATCH-01349,2025-01-15 00:21:23,INSP-UNIT-1,37.871,2.131,7.115,91.57
BATCH-01402,2025-01-10 15:20:26,FORM-LINE-A,37.622,2.053,,89.985
BATCH-01307,2025-01-14 07:50:07,BIO-FILL-03,,0.642,8.027,115.398
BATCH-01398,2025-01-07 13:04:58,FORM-LINE-A,37.374,2.102,7.091,94.852
BATCH-01311,2025-01-31 19:33:13,BIO-FILL-02,37.211,2.123,7.124,93.856
BATCH-01294,2025-01-08 08:13:36,PACK-LINE-X,37.121,2.025,7.132,94.511
BATCH-01390,2025-01-13 12:40:43,BIO-FILL-01,37.406,2.139,7.345,93.614
BATCH-01361,2025-01-25 16:39:51,FORM-LINE-B,37.347,2.106,6.968,91.589
BATCH-01112,2025-01-26 16:05:10,INSP-UNIT-2,37.98,2.194,7.227,
BATCH-01179,2025-01-25 19:52:16,FORM-LINE-B,36.883,2.262,7.297,92.18
BATCH-01440,2025-01-11 10:24:10,FORM-LINE-A,,2.133,7.243,94.123
BATCH-01360,2025-01-25 02:33:44,FORM-LINE-A,37.424,2.045,7.227,94.55
BATCH-01364,2025-01-28 18:02:10,INSP-UNIT-1,37.351,1.93,7.058,94.367
BATCH-01314,2025-02-02 03:12:31,BIO-FILL-02,37.263,1.968,6.989,93.619
BATCH-01151,2025-01-28 00:34:57,PACK-LINE-X,37.006,2.291,7.21,95.088
BATCH-01383,2025-01-14 04:42:55,FORM-LINE-A,37.828,1.988,6.999,93.065
BATCH-01233,2025-01-11 03:42:57,BIO-FILL-01,37.162,2.088,7.097,93.361
BATCH-01477,2025-01-24 16:31:34,BIO-FILL-03,37.355,2.258,7.199,93.804
BATCH-01331,2025-01-28 20:25:24,FORM-LINE-A,36.844,2.206,7.376,93.089
BATCH-01164,2025-01-10 05:12:39,PACK-LINE-X,37.009,2.209,7.111,93.925
BATCH-01317,2025-02-01 00:12:55,FORM-LINE-B,30.371,3.837,5.678,113.248
BATCH-01136,2025-01-20 16:54:24,BIO-FILL-01,36.853,2.072,7.156,90.201
BATCH-01197,2025-01-09 01:49:58,INSP-UNIT-2,37.014,2.153,7.086,93.694
BATCH-01258,2025-01-11 05:15:30,BIO-FILL-03,36.685,1.938,7.216,91.398
BATCH-01232,2025-01-27 17:32:21,BIO-FILL-02,37.645,2.103,7.032,93.564
BATCH-01115,2025-01-06 13:04:17,INSP-UNIT-2,36.809,1.933,5.71,95.147
BATCH-01120,2025-01-25 14:44:53,BIO-FILL-01,37.357,2.198,7.267,94.022
BATCH-01371,2025-01-07 14:14:46,BIO-FILL-01,37.796,3.474,5.846,65.769
BATCH-01224,2025-01-12 10:17:42,INSP-UNIT-1,37.01,1.841,7.045,93.088
BATCH-01429,2025-01-23 03:53:15,PACK-LINE-X,36.891,2.056,7.052,92.945
BATCH-01515,2025-01-31 16:26:27,FORM-LINE-B,36.927,1.907,7.032,93.51
BATCH-01127,2025-02-03 20:15:18,BIO-FILL-01,37.267,2.101,7.127,93.602
BATCH-01518,2025-01-11 19:23:13,INSP-UNIT-2,37.077,1.968,7.178,90.997
BATCH-01285,2025-01-30 01:26:48,FORM-LINE-A,37.523,2.253,7.064,93.692
BATCH-01438,2025-01-19 14:53:12,INSP-UNIT-1,37.14,2.067,7.173,93.003
BATCH-01107,2025-01-12 14:27:31,BIO-FILL-01,36.631,2.211,,90.491
BATCH-01394,2025-01-09 06:00:33,FORM-LINE-A,36.868,2.155,7.134,93.086
BATCH-01346,2025-01-09 15:51:15,INSP-UNIT-1,45.39,3.418,8.313,92.143
BATCH-01133,2025-01-14 16:34:25,BIO-FILL-03,37.76,2.032,7.049,88.773
BATCH-01448,2025-01-22 23:32:52,BIO-FILL-02,36.722,2.035,7.122,91.871
BATCH-01044,2025-01-13 03:56:32,PACK-LINE-X,37.739,2.153,7.175,95.213
BATCH-01492,2025-01-07 09:29:52,INSP-UNIT-2,36.668,1.948,6.817,91.823
BATCH-01065,2025-01-09 16:10:28,BIO-FILL-01,36.876,2.149,6.968,95.247
BATCH-01283,2025-01-18 11:09:01,FORM-LINE-B,37.62,2.047,7.166,91.92
BATCH-01085,2025-01-06 22:34:24,PACK-LINE-X,36.615,1.986,7.123,93.76
BATCH-01242,2025-01-25 02:15:29,BIO-FILL-03,37.366,2.245,6.955,90.841
BATCH-01186,2025-01-12 00:22:57,FORM-LINE-A,37.746,1.977,7.16,93.552
BATCH-01420,2025-01-19 10:18:14,BIO-FILL-02,,2.095,7.024,95.543
BATCH-01159,2025-01-13 01:26:36,PACK-LINE-X,38.068,2.061,7.133,
BATCH-01012,2025-01-08 03:07:44,BIO-FILL-03,36.925,,7.085,91.052
BATCH-01035,2025-01-11 04:43:02,BIO-FILL-03,43.815,3.309,5.684,92.308
BATCH-01028,2025-01-19 04:20:48,FORM-LINE-A,31.464,0.495,8.305,92.974
BATCH-01170,2025-01-28 21:31:21,BIO-FILL-02,36.88,1.964,7.033,89.073
BATCH-01142,2025-01-15 21:48:21,PACK-LINE-X,37.236,2.279,7.048,92.836
BATCH-01425,2025-01-19 00:37:04,FORM-LINE-A,37.443,2.22,7.051,89.685
BATCH-01482,2025-01-07 05:52:04,PACK-LINE-X,37.017,2.211,7.089,93.759
BATCH-01221,2025-01-29 08:06:51,BIO-FILL-01,37.376,2.037,7.102,91.407
BATCH-01095,2025-01-18 14:18:07,PACK-LINE-X,37.351,2.205,7.016,90.13
BATCH-01051,2025-01-16 09:32:00,INSP-UNIT-1,36.226,2.092,7.041,92.053
BATCH-01240,2025-01-16 01:12:54,BIO-FILL-03,36.979,2.133,7.19,91.566
BATCH-01396,2025-01-15 20:40:50,FORM-LINE-A,37.464,2.212,7.067,93.347
BATCH-01351,2025-02-01 16:41:21,FORM-LINE-A,36.586,2.247,7.133,93.494
BATCH-01404,2025-01-20 03:50:51,BIO-FILL-01,38.235,2.058,7.236,92.995
BATCH-01178,2025-01-24 03:17:33,BIO-FILL-02,37.553,2.105,7.173,92.379
BATCH-01041,2025-01-28 00:54:10,PACK-LINE-X,37.435,2.177,7.007,92.411
BATCH-01465,2025-02-02 09:44:53,PACK-LINE-X,37.144,2.256,7.304,94.369
BATCH-01508,2025-02-01 03:17:13,INSP-UNIT-1,37.611,2.054,7.005,92.441
BATCH-01206,2025-01-17 10:05:53,BIO-FILL-01,37.332,2.04,7.163,90.165
BATCH-01282,2025-01-11 08:36:41,INSP-UNIT-1,37.412,2.03,7.184,93.243
BATCH-01358,2025-01-10 11:11:33,INSP-UNIT-2,36.682,2.143,7.102,91.538
BATCH-01254,2025-01-22 08:47:02,FORM-LINE-A,37.165,2.077,7.137,93.87
BATCH-01439,2025-01-16 14:51:12,BIO-FILL-03,37.382,2.176,7.161,90.975
BATCH-01004,2025-02-02 10:31:30,FORM-LINE-A,37.031,2.291,6.897,94.179
BATCH-01256,2025-01-30 05:08:21,INSP-UNIT-2,37.618,2.107,7.152,
BATCH-01478,2025-01-06 21:41:56,INSP-UNIT-2,37.06,2.011,7.196,93.814
BATCH-01100,2025-01-10 11:52:29,FORM-LINE-B,37.367,1.922,7.25,93.482
BATCH-01226,2025-01-11 08:45:47,BIO-FILL-01,36.524,2.1,7.061,93.331
BATCH-01517,2025-01-30 07:38:41,INSP-UNIT-1,,2.061,7.116,92.355
BATCH-01213,2025-01-10 12:55:36,BIO-FILL-03,37.021,2.181,,91.704
BATCH-01449,2025-01-17 12:14:13,BIO-FILL-03,37.354,2.121,7.174,93.715
BATCH-01171,2025-01-27 21:34:24,FORM-LINE-B,37.456,2.126,7.045,91.493
BATCH-01098,2025-02-02 08:00:32,BIO-FILL-03,44.787,0.425,6.124,71.501
BATCH-01292,2025-01-21 15:46:30,PACK-LINE-X,37.294,2.053,7.08,92.957
BATCH-01215,2025-01-18 23:47:17,INSP-UNIT-1,37.491,2.048,7.057,91.684
BATCH-01061,2025-01-23 18:20:37,PACK-LINE-X,37.18,2.129,7.053,92.826
BATCH-01047,2025-01-28 07:55:05,INSP-UNIT-2,37.004,2.185,7.136,91.461
BATCH-01032,2025-02-02 05:07:11,PACK-LINE-X,37.107,2.21,7.066,93.453
BATCH-01267,2025-01-09 02:40:54,FORM-LINE-B,36.1,2.206,6.977,92.819
BATCH-01327,2025-01-14 16:45:18,INSP-UNIT-2,36.954,2.187,7.037,92.268
BATCH-01200,2025-02-01 23:09:13,PACK-LINE-X,37.696,2.009,7.144,93.838
BATCH-01476,2025-02-03 13:29:20,BIO-FILL-01,37.79,2.081,7.094,92.638
BATCH-01027,2025-01-14 21:17:16,BIO-FILL-01,37.19,1.907,7.115,92.476
BATCH-01415,2025-01-11 14:17:22,BIO-FILL-02,37.395,2.343,7.143,90.434
BATCH-01230,2025-01-18 05:14:35,BIO-FILL-01,37.237,2.126,7.179,94.342
BATCH-01260,2025-01-06 12:33:52,BIO-FILL-01,37.539,2.092,7.017,90.6
BATCH-01378,2025-01-27 09:20:58,INSP-UNIT-1,37.635,2.063,7.054,91.087
BATCH-01288,2025-01-18 23:27:48,BIO-FILL-01,37.36,2.164,7.165,96.531
BATCH-01162,2025-01-08 00:54:36,BIO-FILL-01,37.054,2.208,,91.032
BATCH-01391,2025-01-31 03:45:13,PACK-LINE-X,37.819,2.129,6.993,92.325
BATCH-01452,2025-01-28 13:22:19,FORM-LINE-A,37.387,2.079,7.025,92.235
BATCH-01138,2025-01-17 13:29:34,FORM-LINE-B,37.197,2.05,7.147,93.262
BATCH-01062,2025-01-30 11:26:32,INSP-UNIT-2,36.876,2.253,7.137,92.814
BATCH-01135,2025-01-26 17:06:56,INSP-UNIT-1,36.69,2.008,7.0,91.348
BATCH-01128,2025-01-24 01:27:53,BIO-FILL-03,37.121,2.112,6.975,96.409
BATCH-01510,2025-01-10 02:03:59,BIO-FILL-03,37.206,2.064,7.092,92.226
BATCH-01008,2025-01-21 07:28:25,PACK-LINE-X,36.621,2.172,7.016,91.73
BATCH-01326,2025-01-19 19:08:17,INSP-UNIT-2,37.159,2.082,7.108,92.258
BATCH-01496,2025-01-30 09:57:38,INSP-UNIT-2,36.932,2.108,7.082,90.664
BATCH-01064,2025-02-03 11:41:59,FORM-LINE-A,36.934,2.115,7.134,95.314
BATCH-01300,2025-02-02 14:18:11,INSP-UNIT-2,37.162,2.001,7.087,92.615
BATCH-01014,2025-01-17 06:25:48,INSP-UNIT-2,37.926,2.182,7.129,93.845
BATCH-01156,2025-01-10 23:49:34,BIO-FILL-02,36.743,2.115,7.084,90.72
BATCH-01040,2025-01-08 04:07:08,PACK-LINE-X,38.134,2.203,6.948,91.774
BATCH-01379,2025-01-09 12:21:04,BIO-FILL-01,37.439,2.163,7.109,88.913
BATCH-01490,2025-02-02 02:01:26,INSP-UNIT-2,37.438,2.102,7.053,90.885
BATCH-01455,2025-01-23 23:04:59,INSP-UNIT-2,37.103,2.054,7.118,93.393
BATCH-01216,2025-01-07 04:56:51,INSP-UNIT-1,37.301,2.171,6.903,92.173
BATCH-01409,2025-01-25 18:19:02,PACK-LINE-X,36.906,2.073,7.116,92.666
BATCH-01279,2025-01-20 07:01:55,INSP-UNIT-1,37.552,2.167,6.979,93.751
BATCH-01464,2025-02-03 01:57:57,INSP-UNIT-2,37.651,2.123,7.078,88.639
BATCH-01460,2025-01-08 17:51:08,INSP-UNIT-2,36.447,2.072,7.185,92.427
BATCH-01337,2025-01-11 22:05:11,BIO-FILL-01,37.287,2.12,7.038,92.026
BATCH-01236,2025-01-23 14:06:43,FORM-LINE-A,,2.072,7.131,93.724
BATCH-01207,2025-01-23 22:01:15,BIO-FILL-03,37.762,1.979,7.267,93.129
BATCH-01212,2025-01-06 02:58:19,FORM-LINE-B,36.804,2.011,7.03,92.142
BATCH-01295,2025-01-21 12:47:37,INSP-UNIT-1,,2.167,7.121,91.372
BATCH-01487,2025-01-25 02:42:28,BIO-FILL-02,37.771,2.291,7.181,92.175
BATCH-01251,2025-01-08 19:35:06,BIO-FILL-03,43.319,2.203,8.112,68.17
BATCH-01519,2025-01-20 18:34:45,BIO-FILL-03,36.936,2.056,7.136,91.069
BATCH-01488,2025-01-19 17:43:15,BIO-FILL-01,29.597,0.675,6.071,65.611
BATCH-01303,2025-01-07 20:50:45,FORM-LINE-B,37.382,2.29,,
BATCH-01350,2025-01-14 19:11:18,FORM-LINE-A,38.253,2.115,7.103,92.782
BATCH-01269,2025-01-09 05:33:35,PACK-LINE-X,38.109,1.993,7.102,
BATCH-01201,2025-01-08 17:06:26,BIO-FILL-01,38.176,1.976,7.152,
BATCH-01161,2025-01-25 07:40:11,INSP-UNIT-1,37.158,2.103,7.121,89.437
BATCH-01043,2025-01-24 23:54:09,FORM-LINE-B,38.578,2.108,7.197,94.817
BATCH-01217,2025-02-01 03:42:56,INSP-UNIT-2,36.979,2.153,6.847,92.596
BATCH-01401,2025-01-06 23:59:06,BIO-FILL-01,37.095,1.952,6.987,92.094
BATCH-01190,2025-01-28 03:16:24,BIO-FILL-02,37.275,2.213,7.055,92.47
BATCH-01309,2025-01-23 04:16:49,BIO-FILL-01,37.252,2.052,7.09,93.114
BATCH-01259,2025-01-13 23:18:45,INSP-UNIT-2,36.912,1.998,7.106,93.143
BATCH-01105,2025-01-19 14:18:57,BIO-FILL-02,37.281,2.116,7.178,93.208
BATCH-01053,2025-01-15 17:28:50,FORM-LINE-A,37.718,2.314,7.066,92.874
BATCH-01389,2025-01-07 02:32:36,BIO-FILL-02,37.232,1.966,7.124,90.48
BATCH-01001,2025-02-01 07:12:35,BIO-FILL-03,37.049,2.116,7.123,92.677
BATCH-01471,2025-01-17 06:38:54,BIO-FILL-02,36.744,2.217,7.063,91.601
BATCH-01359,2025-02-02 17:24:47,PACK-LINE-X,37.453,2.076,6.945,93.343
BATCH-01049,2025-01-13 23:58:15,BIO-FILL-01,,2.112,7.228,91.613
BATCH-01419,2025-01-19 02:46:23,FORM-LINE-B,37.356,1.998,7.103,93.624
BATCH-01080,2025-02-01 11:27:03,BIO-FILL-01,37.029,2.042,7.072,89.047
BATCH-01205,2025-01-18 11:53:03,BIO-FILL-02,36.791,2.029,7.041,92.204
BATCH-01034,2025-02-01 23:55:14,BIO-FILL-02,37.991,2.027,7.12,91.666
BATCH-01430,2025-01-26 19:18:39,BIO-FILL-01,37.443,2.27,7.207,92.786
BATCH-01263,2025-01-15 05:27:12,INSP-UNIT-2,37.225,2.029,7.049,94.243
BATCH-01427,2025-02-03 16:57:03,INSP-UNIT-2,37.196,0.661,,93.186
BATCH-01454,2025-01-20 19:31:34,PACK-LINE-X,37.45,1.98,6.996,91.769
BATCH-01504,2025-01-11 16:23:19,INSP-UNIT-1,37.783,2.087,,91.44
BATCH-01366,2025-01-19 02:47:56,BIO-FILL-01,36.89,2.149,,89.763
BATCH-01091,2025-01-24 00:55:06,FORM-LINE-B,36.938,1.886,7.3,95.476
BATCH-01339,2025-01-24 23:29:38,BIO-FILL-01,37.021,1.978,7.049,92.278
BATCH-01506,2025-01-31 19:27:18,BIO-FILL-01,36.99,2.08,7.195,93.779
BATCH-01052,2025-01-10 17:53:15,FORM-LINE-A,,,7.11,92.901
BATCH-01345,2025-01-25 19:32:32,BIO-FILL-02,37.159,1.836,7.178,
BATCH-01264,2025-01-24 06:30:38,INSP-UNIT-1,36.93,2.064,7.151,92.976
BATCH-01241,2025-01-27 03:12:57,BIO-FILL-02,37.449,0.306,5.72,119.331
BATCH-01013,2025-01-14 21:46:38,BIO-FILL-03,38.347,1.997,7.022,93.136
BATCH-01315,2025-01-10 13:19:34,BIO-FILL-03,37.372,1.982,7.048,93.347
BATCH-01088,2025-01-26 17:43:42,FORM-LINE-A,36.948,2.047,7.153,92.811
BATCH-01387,2025-01-22 01:41:49,FORM-LINE-B,36.976,2.116,7.15,94.176
BATCH-01273,2025-01-24 17:03:16,FORM-LINE-A,37.306,2.111,6.938,92.742
BATCH-01166,2025-01-31 05:38:58,BIO-FILL-01,37.468,2.043,7.098,95.713
BATCH-01328,2025-02-01 23:17:09,BIO-FILL-03,37.542,1.946,7.087,92.618
BATCH-01436,2025-01-11 10:15:38,FORM-LINE-A,37.474,2.167,7.17,91.538
BATCH-01134,2025-01-16 01:42:03,BIO-FILL-01,37.064,2.245,7.258,91.716
BATCH-01306,2025-02-01 06:51:13,FORM-LINE-A,38.163,1.962,7.064,92.848
BATCH-01513,2025-01-11 13:16:46,INSP-UNIT-1,37.575,2.221,7.073,91.614
BATCH-01319,2025-01-12 20:37:12,PACK-LINE-X,37.934,2.154,7.131,89.201
BATCH-01243,2025-01-14 14:59:42,BIO-FILL-03,36.91,1.891,7.159,93.008
BATCH-01054,2025-01-19 21:39:53,FORM-LINE-B,37.385,2.268,7.189,93.244
BATCH-01363,2025-01-10 12:30:42,BIO-FILL-03,36.597,1.81,7.3,91.403
BATCH-01050,2025-01-10 15:16:13,PACK-LINE-X,37.569,1.989,7.014,93.686
BATCH-01486,2025-01-29 10:52:41,BIO-FILL-01,37.151,2.072,7.172,93.778
BATCH-01174,2025-01-21 22:52:49,FORM-LINE-A,37.257,2.091,6.938,94.819
BATCH-01445,2025-01-12 07:04:58,INSP-UNIT-1,37.483,2.084,7.1,90.585
BATCH-01189,2025-01-16 04:28:32,PACK-LINE-X,37.267,2.077,7.145,90.926
BATCH-01000,2025-01-31 19:19:24,INSP-UNIT-2,37.447,2.237,7.008,92.314
BATCH-01463,2025-01-16 14:00:24,FORM-LINE-B,37.81,2.074,7.2,91.183
BATCH-01187,2025-01-07 19:28:18,BIO-FILL-01,36.638,2.01,6.966,94.247
BATCH-01475,2025-01-08 09:22:28,BIO-FILL-01,37.61,2.082,7.167,92.647
BATCH-01169,2025-01-22 02:32:18,BIO-FILL-01,37.952,2.054,7.208,92.442
BATCH-01058,2025-01-11 04:32:25,BIO-FILL-02,36.589,2.058,7.244,89.628
BATCH-01474,2025-01-19 04:00:13,INSP-UNIT-2,37.124,2.188,7.256,95.369
BATCH-01048,2025-01-12 04:47:06,FORM-LINE-B,,2.163,7.017,91.66
BATCH-01344,2025-01-17 18:38:01,INSP-UNIT-1,37.374,2.037,7.129,92.225
BATCH-01235,2025-01-20 08:32:31,PACK-LINE-X,37.098,2.016,6.996,89.55
BATCH-01252,2025-01-07 20:33:01,FORM-LINE-A,37.169,1.813,7.084,93.85
BATCH-01021,2025-01-18 22:50:43,INSP-UNIT-2,36.699,2.033,7.086,94.602
BATCH-01313,2025-01-22 20:54:00,FORM-LINE-B,37.905,2.125,7.078,94.342
BATCH-01459,2025-01-24 00:30:09,PACK-LINE-X,37.116,2.148,7.137,93.091
BATCH-01160,2025-01-17 02:26:32,INSP-UNIT-1,36.847,2.095,7.1,90.762
BATCH-01276,2025-01-09 09:52:26,INSP-UNIT-2,37.405,2.021,7.219,90.818
BATCH-01443,2025-01-14 13:25:38,PACK-LINE-X,36.63,1.96,7.252,94.527
BATCH-01191,2025-01-31 20:16:24,BIO-FILL-02,37.852,1.918,7.333,93.588
BATCH-01385,2025-01-08 20:08:20,INSP-UNIT-1,36.983,2.225,6.948,94.327
BATCH-01293,2025-01-19 10:06:48,BIO-FILL-02,36.664,2.092,6.95,93.64
BATCH-01413,2025-01-24 02:01:58,PACK-LINE-X,37.866,2.162,7.141,94.693
BATCH-01491,2025-01-20 01:11:05,BIO-FILL-02,37.342,2.091,7.233,90.569
BATCH-01343,2025-01-24 22:12:05,PACK-LINE-X,37.113,2.16,7.046,92.256
BATCH-01257,2025-01-22 22:13:56,BIO-FILL-01,37.03,2.179,6.975,92.94
BATCH-01308,2025-01-15 03:00:43,BIO-FILL-02,44.875,2.111,8.348,94.295
BATCH-01130,2025-01-09 06:12:50,INSP-UNIT-2,36.665,2.15,6.996,94.417
BATCH-01099,2025-01-25 18:21:32,FORM-LINE-A,37.671,2.239,7.201,90.052
BATCH-01372,2025-01-30 05:56:53,INSP-UNIT-2,29.352,2.211,8.25,120.96
BATCH-01087,2025-01-15 23:35:57,BIO-FILL-03,36.207,,7.139,92.373
BATCH-01458,2025-01-15 22:47:05,BIO-FILL-01,37.208,2.088,7.036,95.108
BATCH-01330,2025-01-13 02:30:59,BIO-FILL-02,,2.121,7.051,93.711
BATCH-01214,2025-01-14 09:45:31,INSP-UNIT-2,37.284,2.09,7.192,92.065
BATCH-01466,2025-01-26 19:10:01,PACK-LINE-X,37.016,2.112,7.016,93.102
BATCH-01121,2025-01-08 14:15:37,INSP-UNIT-2,36.483,1.972,7.038,92.539
BATCH-01020,2025-01-09 02:52:16,PACK-LINE-X,37.391,,7.297,89.59
BATCH-01071,2025-01-13 09:47:33,FORM-LINE-A,37.015,2.354,,91.915
BATCH-01106,2025-01-10 10:25:52,FORM-LINE-A,36.613,2.009,7.028,92.618
BATCH-01270,2025-01-12 16:44:48,PACK-LINE-X,36.807,,7.081,93.979
BATCH-01435,2025-01-12 19:43:41,BIO-FILL-02,36.996,1.947,,
BATCH-01102,2025-01-23 23:35:31,FORM-LINE-A,37.902,2.04,7.23,91.559
